Category,Sub-Category,Item Name,Points,Found,Item ID,Shortened Item ID,Icon,Image
Animals,Birds - Location,Flock (10+),2,FALSE,Animals_Birds - Location_Flock (10+),Animals_Birds - Location_Flock,pets,
Animals,Birds - Location,Flying,1,FALSE,Animals_Birds - Location_Flying,Animals_Birds - Location_Flying,pets,
Animals,Birds - Location,Grounded,1,FALSE,Animals_Birds - Location_Grounded,Animals_Birds - Location_Grounded,pets,
Animals,Birds - Location,Perched,1,FALSE,Animals_Birds - Location_Perched,Animals_Birds - Location_Perched,pets,
Animals,Birds - Species,Bird of prey,2,FALSE,Animals_Birds - Species_Bird of prey,Animals_Birds - Species_Prey,pets,
Animals,Birds - Species,Black Bird,1,FALSE,Animals_Birds - Species_Black Bird,Animals_Birds - Species_Black,pets,
Animals,Birds - Species,Magpie,1,FALSE,Animals_Birds - Species_Magpie,Animals_Birds - Species_Magpie,pets,
Animals,Birds - Species,Pigeon,1,FALSE,Animals_Birds - Species_Pigeon,Animals_Birds - Species_Pigeon,pets,
Animals,Birds - Species,Seagull,2,FALSE,Animals_Birds - Species_Seagull,Animals_Birds - Species_Seagull,pets,
Animals,Farmyard,Cow,2,FALSE,Animals_Farmyard_Cow,Animals_Farmyard_Cow,pets,
Animals,Farmyard,Dog,1,FALSE,Animals_Farmyard_Dog,Animals_Farmyard_Dog,pets,
Animals,Farmyard,Horse,2,FALSE,Animals_Farmyard_Horse,Animals_Farmyard_Horse,pets,
Animals,Farmyard,Sheep,2,FALSE,Animals_Farmyard_Sheep,Animals_Farmyard_Sheep,pets,
Buildings,House,Door Black,1,FALSE,Buildings_House_Door Black,Buildings_House_Door Black,place,
Buildings,House,Door Other,1,FALSE,Buildings_House_Door Other,Buildings_House_Door Other,home,
Buildings,House,Door R/G/B,1,FALSE,Buildings_House_Door R/G/B,Buildings_House_Door R/G/B,home,
Buildings,House,Door White,1,FALSE,Buildings_House_Door White,Buildings_House_Door White,home,
Buildings,House,Painted,1,FALSE,Buildings_House_Painted,Buildings_House_Painted,home,
Buildings,Interest,Car Sales Room,1,FALSE,Buildings_Interest_Car Sales Room,Buildings_Interest_Salesroom,location_city,
Buildings,Interest,Carwash,1,FALSE,Buildings_Interest_Carwash,Buildings_Interest_Carwash,location_city,
Buildings,Interest,Church,1,FALSE,Buildings_Interest_Church,Buildings_Interest_Church,location_city,
Buildings,Interest,Hotel,1,FALSE,Buildings_Interest_Hotel,Buildings_Interest_Hotel,location_city,
Buildings,Interest,Storage Facility,2,FALSE,Buildings_Interest_Storage Facility,Buildings_Interest_Storage,location_city,
Buildings,Petrol Station,BP,1,FALSE,Buildings_Petrol Station_BP,Buildings_Petrol Station_BP,local_gas_station,
Buildings,Petrol Station,Esso/Shell,2,FALSE,Buildings_Petrol Station_Esso/Shell,Buildings_Petrol Station_Esso/Shell,local_gas_station,
Buildings,Petrol Station,Other,1,FALSE,Buildings_Petrol Station_Other,Buildings_Petrol Station_Other,local_gas_station,
Buildings,Pubs,Animal,2,FALSE,Buildings_Pubs_Animal,Buildings_Pubs_Animal,sports_bar,
Buildings,Pubs,Name/Royal,2,FALSE,Buildings_Pubs_Name/Royal,Buildings_Pubs_Name/Royal,sports_bar,
Buildings,Pubs,Object,2,FALSE,Buildings_Pubs_Object,Buildings_Pubs_Object,sports_bar,
Buildings,Shops,Barber/Hairdresser,2,FALSE,Buildings_Shops_Barber/Hairdresser,Buildings_Shops_Hairdresser,storefront,
Buildings,Shops,Burger King,1,FALSE,Buildings_Shops_Burger King,Buildings_Shops_Burger King,storefront,
Buildings,Shops,Coffee Shop,1,FALSE,Buildings_Shops_Coffee Shop,Buildings_Shops_Coffee Shop,storefront,
Buildings,Shops,Fashion,2,FALSE,Buildings_Shops_Fashion,Buildings_Shops_Fashion,storefront,
Buildings,Shops,Florist,2,FALSE,Buildings_Shops_Florist,Buildings_Shops_Florist,storefront,
Buildings,Shops,KFC,1,FALSE,Buildings_Shops_KFC,Buildings_Shops_KFC,storefront,
Buildings,Shops,McDonalds,1,FALSE,Buildings_Shops_McDonalds,Buildings_Shops_McDonalds,storefront,
Buildings,Shops,Off Licence/Corner Shop,2,FALSE,Buildings_Shops_Off Licence/Corner Shop,Buildings_Shops_Corner Shop,storefront,
Buildings,Shops,Pet Shop/Grooming,2,FALSE,Buildings_Shops_Pet Shop/Grooming,Buildings_Shops_Pet Shop,storefront,
Buildings,Shops,Pharmacy,2,FALSE,Buildings_Shops_Pharmacy,Buildings_Shops_Pharmacy,storefront,
Buildings,Shops,Pizza,1,FALSE,Buildings_Shops_Pizza,Buildings_Shops_Pizza,storefront,
Buildings,Shops,Vape/Person Vaping,2,FALSE,Buildings_Shops_Vape/Person Vaping,Buildings_Shops_Vape,storefront,
Buildings,Working,Crane,1,FALSE,Buildings_Working_Crane,Buildings_Working_Crane,construction,
Buildings,Working,Scaffolding,1,FALSE,Buildings_Working_Scaffolding,Buildings_Working_Scaffolding,construction,
Car,Colour,Brown,1,FALSE,Car_Colour_Brown,Car_Colour_Brown,palette,
Car,Colour,Green,1,FALSE,Car_Colour_Green,Car_Colour_Green,palette,
Car,Colour,Orange,2,FALSE,Car_Colour_Orange,Car_Colour_Orange,palette,
Car,Colour,Pink,3,FALSE,Car_Colour_Pink,Car_Colour_Pink,palette,
Car,Colour,Purple,2,FALSE,Car_Colour_Purple,Car_Colour_Purple,palette,
Car,Colour,Two-toned,1,FALSE,Car_Colour_Two-toned,Car_Colour_Two-toned,palette,
Car,Colour,Yellow,1,FALSE,Car_Colour_Yellow,Car_Colour_Yellow,palette,
Car,External,Bike on a boot,1,FALSE,Car_External_Bike on a boot,Car_External_Bike-boot,directions_car,
Car,External,Bike on a roof rack,1,FALSE,Car_External_Bike on a roof rack,Car_External_Bike-roof,directions_car,
Car,External,Car with advertising on it,1,FALSE,Car_External_Car with advertising on it,Car_External_Advertising,directions_car,
Car,External,Hazard lights on,1,FALSE,Car_External_Hazard lights on,Car_External_Hazard,directions_car,
Car,External,Convertible,1,FALSE,Car_External_Convertible,Car_External_Convertible,directions_car,
Car,External,Damaged,1,FALSE,Car_External_Damaged,Car_External_Damaged,directions_car,
Car,External,Double Exhaust,1,FALSE,Car_External_Double Exhaust,Car_External_Double Exhaust,directions_car,
Car,External,Poppy,2,FALSE,Car_External_Poppy,Car_External_Poppy,directions_car,
Car,External,Roof Storage Pod,1,FALSE,Car_External_Roof Storage Pod,Car_External_Roof Storage,directions_car,
Car,External,Spoiler,1,FALSE,Car_External_Spoiler,Car_External_Spoiler,directions_car,
Car,Internal,Filled to the brim,2,FALSE,Car_Internal_Filled to the brim,Car_Internal_Filled,airline_seat_recline_normal,
Car,Internal,Car seat,2,FALSE,Car_Internal_Car seat,Car_Internal_Car seat,airline_seat_recline_normal,
Car,Internal,Clothes hanging in car,2,FALSE,Car_Internal_Clothes hanging in car,Car_Internal_Clothes,airline_seat_recline_normal,
Car,Model,Audi,1,FALSE,Car_Model_Audi,Car_Model_Audi,car_tag,
Car,Model,Bentley/Sports Car etc.,3,FALSE,Car_Model_Bentley/Sports Car etc.,Car_Model_Bentley,car_tag,
Car,Model,BMW,1,FALSE,Car_Model_BMW,Car_Model_BMW,car_tag,
Car,Model,Citroen,1,FALSE,Car_Model_Citroen,Car_Model_Citroen,car_tag,
Car,Model,Cupra,2,FALSE,Car_Model_Cupra,Car_Model_Cupra,car_tag,
Car,Model,Dacia,2,FALSE,Car_Model_Dacia,Car_Model_Dacia,car_tag,
Car,Model,Fiat,1,FALSE,Car_Model_Fiat,Car_Model_Fiat,car_tag,
Car,Model,Ford,1,FALSE,Car_Model_Ford,Car_Model_Ford,car_tag,
Car,Model,Honda,1,FALSE,Car_Model_Honda,Car_Model_Honda,car_tag,
Car,Model,Hyundai,1,FALSE,Car_Model_Hyundai,Car_Model_Hyundai,car_tag,
Car,Model,Jaguar,2,FALSE,Car_Model_Jaguar,Car_Model_Jaguar,car_tag,
Car,Model,Jeep,3,FALSE,Car_Model_Jeep,Car_Model_Jeep,car_tag,
Car,Model,KIA,1,FALSE,Car_Model_KIA,Car_Model_KIA,car_tag,
Car,Model,Land Rover,1,FALSE,Car_Model_Land Rover,Car_Model_Land Rover,car_tag,
Car,Model,Lexus,2,FALSE,Car_Model_Lexus,Car_Model_Lexus,car_tag,
Car,Model,Mazda,1,FALSE,Car_Model_Mazda,Car_Model_Mazda,car_tag,
Car,Model,Mercedes-Benz,1,FALSE,Car_Model_Mercedes-Benz,Car_Model_Mercedes-Benz,car_tag,
Car,Model,MG,2,FALSE,Car_Model_MG,Car_Model_MG,car_tag,
Car,Model,Mini (Regular),1,FALSE,Car_Model_Mini (Regular),Car_Model_Mini (Regular),car_tag,
Car,Model,Mini (Union Jack),2,FALSE,Car_Model_Mini (Union Jack),Car_Model_Mini (Union Jack),car_tag,
Car,Model,Mitsubishi,3,FALSE,Car_Model_Mitsubishi,Car_Model_Mitsubishi,car_tag,
Car,Model,Nissan,1,FALSE,Car_Model_Nissan,Car_Model_Nissan,car_tag,
Car,Model,Peugeot,1,FALSE,Car_Model_Peugeot,Car_Model_Peugeot,car_tag,
Car,Model,Porsche,2,FALSE,Car_Model_Porsche,Car_Model_Porsche,car_tag,
Car,Model,Range Rover,1,FALSE,Car_Model_Range Rover,Car_Model_Range Rover,car_tag,
Car,Model,Renault,1,FALSE,Car_Model_Renault,Car_Model_Renault,car_tag,
Car,Model,Seat/Smart,1,FALSE,Car_Model_Seat/Smart,Car_Model_Seat/Smart,car_tag,
Car,Model,Skoda,1,FALSE,Car_Model_Skoda,Car_Model_Skoda,car_tag,
Car,Model,Suzuki,2,FALSE,Car_Model_Suzuki,Car_Model_Suzuki,car_tag,
Car,Model,Tesla,1,FALSE,Car_Model_Tesla,Car_Model_Tesla,car_tag,
Car,Model,Toyota,1,FALSE,Car_Model_Toyota,Car_Model_Toyota,car_tag,
Car,Model,Vauxhall,1,FALSE,Car_Model_Vauxhall,Car_Model_Vauxhall,car_tag,
Car,Model,Volkswagen,1,FALSE,Car_Model_Volkswagen,Car_Model_Volkswagen,car_tag,
Car,Model,Volvo,1,FALSE,Car_Model_Volvo,Car_Model_Volvo,car_tag,
Car,Number Plates,Alternative,3,FALSE,Car_Number Plates_Alternative,Car_Number Plates_Alternative,confirmation_number,
Car,Number Plates,European,2,FALSE,Car_Number Plates_European,Car_Number Plates_European,confirmation_number,
Car,Number Plates,Personal,2,FALSE,Car_Number Plates_Personal,Car_Number Plates_Personal,confirmation_number,
Car,Stickers,“Baby On Board”,2,FALSE,Car_Stickers_“Baby On Board”,Car_Stickers_“Baby On Board”,branding_watermark,
Car,Stickers,“GB”,3,FALSE,Car_Stickers_“GB”,Car_Stickers_“GB”,branding_watermark,
Car,Stickers,“L” Learner,2,FALSE,Car_Stickers_“L” Learner,Car_Stickers_“L” Learner,branding_watermark,
Car,Stickers,"""P"" Passed",3,FALSE,"Car_Stickers_""P"" Passed","Car_Stickers_""P"" Passed",branding_watermark,
Car,Stickers,“UK”,2,FALSE,Car_Stickers_“UK”,Car_Stickers_“UK”,branding_watermark,
Flags,Country,Flag - Other Country,2,FALSE,Flags_Country_Flag - Other Country,Flags_Country_Flag - Other Country,flag,
Flags,Country,Flag - St. George's Cross,2,FALSE,Flags_Country_Flag - St. George's Cross,Flags_Country_Flag - St. George's Cross,flag,
Flags,Country,Flag - Union Jack,2,FALSE,Flags_Country_Flag - Union Jack,Flags_Country_Flag - Union Jack,flag,
Flags,Other,Flag - Not Country Related,2,FALSE,Flags_Other_Flag - Not Country Related,Flags_Other_Flag - Not Country Related,flag,
Misc - Items,Bins,“Biffa”/Large Bin,2,FALSE,Misc - Items_Bins_“Biffa”/Large Bin,Misc - Items_Bins_Biffa,recycling,https://upload.wikimedia.org/wikipedia/commons/thumb/5/55/Biffa_dumpster_bin_-_Plymouth_Devon_%281%29.JPG/960px-Biffa_dumpster_bin_-_Plymouth_Devon_%281%29.JPG?utm_source=commons.wikimedia.org&utm_campaign=imageinfo&utm_content=thumbnail
Misc - Items,Bins,Dog poo bin,2,FALSE,Misc - Items_Bins_Dog poo bin,Misc - Items_Bins_Dog poo,recycling,https://upload.wikimedia.org/wikipedia/commons/thumb/2/22/Dog_Poo_Bin_at_Hawks_Cliffe_View%2C_Dodworth_-_geograph.org.uk_-_5090088.jpg/960px-Dog_Poo_Bin_at_Hawks_Cliffe_View%2C_Dodworth_-_geograph.org.uk_-_5090088.jpg?utm_source=commons.wikimedia.org&utm_campaign=imageinfo&utm_content=thumbnail
Misc - Items,Bins,Litter bin,1,FALSE,Misc - Items_Bins_Litter bin,Misc - Items_Bins_Litter,recycling,https://upload.wikimedia.org/wikipedia/commons/thumb/b/b2/City_of_London_Cemetery_litter_bin_2.jpg/960px-City_of_London_Cemetery_litter_bin_2.jpg?utm_source=commons.wikimedia.org&utm_campaign=imageinfo&utm_content=thumbnail
Misc - Items,Bins,Recycling Box Other,2,FALSE,Misc - Items_Bins_Recycling Box Other,Misc - Items_Bins_Recycling,recycling,https://upload.wikimedia.org/wikipedia/commons/thumb/7/72/Recycling_Bins%2C_Cheltenham%2C_UK.jpg/960px-Recycling_Bins%2C_Cheltenham%2C_UK.jpg?utm_source=commons.wikimedia.org&utm_campaign=imageinfo&utm_content=thumbnail
Misc - Items,Bins,Skip,1,FALSE,Misc - Items_Bins_Skip,Misc - Items_Bins_Skip,recycling,https://upload.wikimedia.org/wikipedia/commons/thumb/e/e2/Kencot_yellow_skip_West_Oxfordshire_England.jpg/960px-Kencot_yellow_skip_West_Oxfordshire_England.jpg?utm_source=commons.wikimedia.org&utm_campaign=imageinfo&utm_content=thumbnail
Misc - Items,Bins,Wheelie Black/Grey,1,FALSE,Misc - Items_Bins_Wheelie Black/Grey,Misc - Items_Bins_Wheelie Black,recycling,https://upload.wikimedia.org/wikipedia/commons/thumb/0/02/Alien_wheelie_bins_-_geograph.org.uk_-_6053415.jpg/960px-Alien_wheelie_bins_-_geograph.org.uk_-_6053415.jpg?utm_source=commons.wikimedia.org&utm_campaign=imageinfo&utm_content=thumbnail
Misc - Items,Bins,Wheelie Brown,1,FALSE,Misc - Items_Bins_Wheelie Brown,Misc - Items_Bins_Wheelie Brown,recycling,https://upload.wikimedia.org/wikipedia/commons/thumb/7/78/ANTIFA_-_Beschmierte_braune_M%C3%BClltonne_DSCF0375.jpg/960px-ANTIFA_-_Beschmierte_braune_M%C3%BClltonne_DSCF0375.jpg?utm_source=commons.wikimedia.org&utm_campaign=imageinfo&utm_content=thumbnail
Misc - Items,Bins,Wheelie Green,1,FALSE,Misc - Items_Bins_Wheelie Green,Misc - Items_Bins_Wheelie Green,recycling,https://upload.wikimedia.org/wikipedia/commons/thumb/7/71/Irish_Panda_wheelie_bin.jpg/960px-Irish_Panda_wheelie_bin.jpg?utm_source=commons.wikimedia.org&utm_campaign=imageinfo&utm_content=thumbnail
Misc - Items,Bus Stop,Bus Stop (Pole only),1,FALSE,Misc - Items_Bus Stop_Bus Stop (Pole only),Misc - Items_Bus Stop_Bus Stop Pole,bus_map_pin,
Misc - Items,Bus Stop,Bus Stop with Shelter,1,FALSE,Misc - Items_Bus Stop_Bus Stop with Shelter,Misc - Items_Bus Stop_Bus Stop Shelter,bus_map_pin,
Misc - Items,Objects,Ball,3,FALSE,Misc - Items_Objects_Ball,Misc - Items_Objects_Ball,category,https://upload.wikimedia.org/wikipedia/commons/thumb/2/23/Ball%2C_%E0%B4%AA%E0%B4%A8%E0%B5%8D%E0%B4%A4%E0%B5%8D_Large.jpg/960px-Ball%2C_%E0%B4%AA%E0%B4%A8%E0%B5%8D%E0%B4%A4%E0%B5%8D_Large.jpg?utm_source=commons.wikimedia.org&utm_campaign=imageinfo&utm_content=thumbnail
Misc - Items,Objects,Bunting/Fairy Lights,2,FALSE,Misc - Items_Objects_Bunting/Fairy Lights,Misc - Items_Objects_Bunting/Fairy Lights,category,https://upload.wikimedia.org/wikipedia/commons/thumb/5/53/M%C3%BCnster%2C_Prinzipalmarkt_--_2019_--_3558.jpg/960px-M%C3%BCnster%2C_Prinzipalmarkt_--_2019_--_3558.jpg?utm_source=commons.wikimedia.org&utm_campaign=imageinfo&utm_content=thumbnail
Misc - Items,Objects,Detatched Tyre,1,FALSE,Misc - Items_Objects_Detatched Tyre,Misc - Items_Objects_Detatched Tyre,category,
Misc - Items,Objects,Door or Window Open,2,FALSE,Misc - Items_Objects_Door or Window Open,Misc - Items_Objects_Door/Window Open,category,
Misc - Items,Objects,Graffiti,1,FALSE,Misc - Items_Objects_Graffiti,Misc - Items_Objects_Graffiti,category,
Misc - Items,Objects,Ladder,1,FALSE,Misc - Items_Objects_Ladder,Misc - Items_Objects_Ladder,category,
Misc - Items,Objects,Lifesaving Ring,3,FALSE,Misc - Items_Objects_Lifesaving Ring,Misc - Items_Objects_Lifesaving Ring,category,
Misc - Items,Objects,Portable toilet/Portaloo,2,FALSE,Misc - Items_Objects_Portable toilet/Portaloo,Misc - Items_Objects_Portaloo,category,
Misc - Items,Objects,Mirror Convex,3,FALSE,Misc - Items_Objects_Mirror Convex,Misc - Items_Objects_Convex Mirror,category,
Misc - Items,Objects,Post box,1,FALSE,Misc - Items_Objects_Post box,Misc - Items_Objects_Post box,category,
Misc - Items,Objects,Salt/Grit Container,1,FALSE,Misc - Items_Objects_Salt/Grit Container,Misc - Items_Objects_Salt Container,category,
Misc - Items,Objects,Speed camera,1,FALSE,Misc - Items_Objects_Speed camera,Misc - Items_Objects_Speed camera,category,
Misc - Items,Objects,Telephone box,2,FALSE,Misc - Items_Objects_Telephone box,Misc - Items_Objects_Telephone box,category,
Misc - Items,Objects,Wooden Pallets,1,FALSE,Misc - Items_Objects_Wooden Pallets,Misc - Items_Objects_Wooden Pallets,category,
Misc - Items,Objects,Washing/Clothes Hung Up,1,FALSE,Misc - Items_Objects_Washing/Clothes Hung Up,Misc - Items_Objects_Washing,category,
Misc - Items,People,Hat,2,FALSE,Misc - Items_People_Hat,Misc - Items_People_Hat,person,
Misc - Items,People,Jogger,2,FALSE,Misc - Items_People_Jogger,Misc - Items_People_Jogger,person,
Misc - Items,People,Person on their phone,1,FALSE,Misc - Items_People_Person on their phone,Misc - Items_People_Doom Scroll,person,
Misc - Items,Technology,Pylon (end),3,FALSE,Misc - Items_Technology_Pylon (end),Misc - Items_Technology_End Pylon,settings_input_antenna,
Misc - Items,Technology,Satellite Dish,1,FALSE,Misc - Items_Technology_Satellite Dish,Misc - Items_Technology_Satellite Dish,settings_input_antenna,
Misc - Items,Technology,Solar Panels,1,FALSE,Misc - Items_Technology_Solar Panels,Misc - Items_Technology_Solar Panels,settings_input_antenna,
Misc - Items,Technology,CCTV Camera,1,FALSE,Misc - Items_Technology_CCTV Camera,Misc - Items_Technology_CCTV Camera,settings_input_antenna,https://upload.wikimedia.org/wikipedia/commons/thumb/7/76/ISO_639_Icon_aa.svg/960px-ISO_639_Icon_aa.svg.png?utm_source=commons.wikimedia.org&utm_campaign=imageinfo&utm_content=thumbnail
Misc - Items,Technology,Wind Turbine,2,FALSE,Misc - Items_Technology_Wind Turbine,Misc - Items_Technology_Wind Turbine,settings_input_antenna,
Motorcycles,Bikes,Bike: Black,1,FALSE,Motorcycles_Bikes_Bike: Black,Motorcycles_Bikes_Bike: Black,two_wheeler,
Motorcycles,Bikes,Bike: Blue,2,FALSE,Motorcycles_Bikes_Bike: Blue,Motorcycles_Bikes_Bike: Blue,two_wheeler,
Motorcycles,Bikes,Bike: Other,2,FALSE,Motorcycles_Bikes_Bike: Other,Motorcycles_Bikes_Bike: Other,two_wheeler,
Motorcycles,Bikes,Bike: Red,2,FALSE,Motorcycles_Bikes_Bike: Red,Motorcycles_Bikes_Bike: Red,two_wheeler,
Motorcycles,Bikes,Bike: Tandem,3,FALSE,Motorcycles_Bikes_Bike: Tandem,Motorcycles_Bikes_Bike: Tandem,two_wheeler,
Motorcycles,Helmets,Helmet: Black,1,FALSE,Motorcycles_Helmets_Helmet: Black,Motorcycles_Helmets_Helmet: Black,sports_motorsports,
Motorcycles,Helmets,Helmet: Other,1,FALSE,Motorcycles_Helmets_Helmet: Other,Motorcycles_Helmets_Helmet: Other,sports_motorsports,
Motorcycles,Helmets,Helmet: White,1,FALSE,Motorcycles_Helmets_Helmet: White,Motorcycles_Helmets_Helmet: White,sports_motorsports,
Nature,Hay Bales,Uncovered,2,FALSE,Nature_Hay Bales_Uncovered,Nature_Hay Bales_Uncovered,wheat,
Nature,Hay Bales,Covered,2,FALSE,Nature_Hay Bales_Covered,Nature_Hay Bales_Covered,wheat,
Nature,Nature,Expanse of water,1,FALSE,Nature_Nature_Expanse of water,Nature_Nature_Expanse of water,park,
Nature,Nature,Flowers,1,FALSE,Nature_Nature_Flowers,Nature_Nature_Flowers,park,
Nature,Nature,Plastic bag in tree,1,FALSE,Nature_Nature_Plastic bag in tree,Nature_Nature_Plastic bag,park,
Playground,Playground,Equipment,2,FALSE,Playground_Playground_Equipment,Playground_Playground_Equipment,child_care,
Playground,Playground,Football Posts,2,FALSE,Playground_Playground_Football Posts,Playground_Playground_Football Posts,child_care,
Road,Floor,Bus Lane/Stop,1,FALSE,Road_Floor_Bus Lane/Stop,Road_Floor_Bus Lane/Stop,road,
Road,Floor,Double Yellow Lines,1,FALSE,Road_Floor_Double Yellow Lines,Road_Floor_Double Yellow Lines,road,
Road,Floor,Keep Clear/No Entry,1,FALSE,Road_Floor_Keep Clear/No Entry,Road_Floor_Keep Clear/No Entry,road,
Road,Floor,Road kill,1,FALSE,Road_Floor_Road kill,Road_Floor_Road kill,road,
Road,Floor,Rumble Strip/Speed Bump,1,FALSE,Road_Floor_Rumble Strip/Speed Bump,Road_Floor_Speed Bump,road,
Road,Floor,Slow,1,FALSE,Road_Floor_Slow,Road_Floor_Slow,road,
Road,Floor,Speed Limit (Any),1,FALSE,Road_Floor_Speed Limit (Any),Road_Floor_Speed Limit,road,
Road,Floor,Zebra crossing,1,FALSE,Road_Floor_Zebra crossing,Road_Floor_Zebra crossing,road,
Road,Floor,Yellow Box Junction,2,FALSE,Road_Floor_Yellow Box Junction,Road_Floor_Yellow Box Junction,road,
Road,Traffic Cones,Blue,2,FALSE,Road_Traffic Cones_Blue,Road_Traffic Cones_Blue,warning,
Road,Traffic Cones,Green,3,FALSE,Road_Traffic Cones_Green,Road_Traffic Cones_Green,warning,
Road,Traffic Cones,Orange,1,FALSE,Road_Traffic Cones_Orange,Road_Traffic Cones_Orange,warning,
Road,Traffic Cones,With Light on Top,3,FALSE,Road_Traffic Cones_With Light on Top,Road_Traffic Cones_Light on Top,warning,
Road,Traffic Cones,Yellow,2,FALSE,Road_Traffic Cones_Yellow,Road_Traffic Cones_Yellow,warning,
Signs,Direction,Tourism Sign - No Writing,1,FALSE,Signs_Direction_Tourism Sign - No Writing,Signs_Direction_Tourism Sign - No Writing,signpost,
Signs,Direction,Tourism Sign - With Writing,1,FALSE,Signs_Direction_Tourism Sign - With Writing,Signs_Direction_Tourism Sign - With Writing,signpost,
Signs,Direction,Miles: < 01 (Fraction),1,FALSE,Signs_Direction_Miles: < 01 (Fraction),Signs_Direction_Miles: < 01 (Fraction),signpost,
Signs,Direction,Miles: 01-05,1,FALSE,Signs_Direction_Miles: 01-05,Signs_Direction_Miles: 01-05,signpost,
Signs,Direction,Miles: 06-10,1,FALSE,Signs_Direction_Miles: 06-10,Signs_Direction_Miles: 06-10,signpost,
Signs,Direction,Miles: 10-19,1,FALSE,Signs_Direction_Miles: 10-19,Signs_Direction_Miles: 10-19,signpost,
Signs,Direction,Miles: 20-29,1,FALSE,Signs_Direction_Miles: 20-29,Signs_Direction_Miles: 20-29,signpost,
Signs,Direction,Miles: 30-39,1,FALSE,Signs_Direction_Miles: 30-39,Signs_Direction_Miles: 30-39,signpost,
Signs,Direction,Miles: 40-49,1,FALSE,Signs_Direction_Miles: 40-49,Signs_Direction_Miles: 40-49,signpost,
Signs,Direction,Miles: 50+,2,FALSE,Signs_Direction_Miles: 50+,Signs_Direction_Miles: 50+,signpost,
Signs,Direction,Orange Circle/Filled,1,FALSE,Signs_Direction_Orange Circle/Filled,Signs_Direction_Orange Circle/Filled,signpost,
Signs,Direction,Orange Circle/Unfilled,1,FALSE,Signs_Direction_Orange Circle/Unfilled,Signs_Direction_Orange Circle/Unfilled,signpost,
Signs,Direction,Orange Cross (X),2,FALSE,Signs_Direction_Orange Cross (X),Signs_Direction_Orange Cross (X),signpost,
Signs,Direction,Orange Diamond/Filled,1,FALSE,Signs_Direction_Orange Diamond/Filled,Signs_Direction_Orange Diamond/Filled,signpost,
Signs,Direction,Orange Diamond/Unfilled,1,FALSE,Signs_Direction_Orange Diamond/Unfilled,Signs_Direction_Orange Diamond/Unfilled,signpost,
Signs,Direction,Orange Square/Filled,1,FALSE,Signs_Direction_Orange Square/Filled,Signs_Direction_Orange Square/Filled,signpost,
Signs,Direction,Orange Square/Unfilled,1,FALSE,Signs_Direction_Orange Square/Unfilled,Signs_Direction_Orange Square/Unfilled,signpost,
Signs,Direction,Orange Triangle/Filled,1,FALSE,Signs_Direction_Orange Triangle/Filled,Signs_Direction_Orange Triangle/Filled,signpost,
Signs,Direction,Orange Triangle/Unfilled,1,FALSE,Signs_Direction_Orange Triangle/Unfilled,Signs_Direction_Orange Triangle/Unfilled,signpost,
Signs,Direction,Please Drive Carefully,1,FALSE,Signs_Direction_Please Drive Carefully,Signs_Direction_Please Drive Carefully,signpost,
Signs,House,For Sale,1,FALSE,Signs_House_For Sale,Signs_House_For Sale,house,
Signs,House,Sold,1,FALSE,Signs_House_Sold,Signs_House_Sold,house,
Signs,House,To Let/Let,1,FALSE,Signs_House_To Let/Let,Signs_House_To Let/Let,house,
Signs,Information,Countdown Markers (321),1,FALSE,Signs_Information_Countdown Markers (321),Signs_Information_Countdown Markers,info,
Signs,Information,"Hospital (Blue, no A&E)",2,FALSE,"Signs_Information_Hospital (Blue, no A&E)",Signs_Information_Hospital Blue,info,
Signs,Information,"Hospital (Red, A&E)",2,FALSE,"Signs_Information_Hospital (Red, A&E)",Signs_Information_Hospital Red,info,
Signs,Information,No Through Road (‘T’),1,FALSE,Signs_Information_No Through Road (‘T’),Signs_Information_No Through Road,info,
Signs,Information,Railway,1,FALSE,Signs_Information_Railway,Signs_Information_Railway,info,
Signs,Information,SOS,1,FALSE,Signs_Information_SOS,Signs_Information_SOS,info,
Signs,Information,Speed Camera,1,FALSE,Signs_Information_Speed Camera,Signs_Information_Speed Camera,info,
Signs,Information,"""Welcome to…""",1,FALSE,"Signs_Information_""Welcome to…""","Signs_Information_""Welcome to…""",info,
Signs,Order,Give Way,1,FALSE,Signs_Order_Give Way,Signs_Order_Give Way,rule,
Signs,Order,Height/Width Restriction,2,FALSE,Signs_Order_Height/Width Restriction,Signs_Order_Height/Width Restriction,rule,
Signs,Order,National Speed Limit,1,FALSE,Signs_Order_National Speed Limit,Signs_Order_National Speed Limit,rule,
Signs,Order,No Entry,1,FALSE,Signs_Order_No Entry,Signs_Order_No Entry,rule,
Signs,Order,No Left/Right Turn,1,FALSE,Signs_Order_No Left/Right Turn,Signs_Order_No Left/Right Turn,rule,
Signs,Order,No Stopping (Blue/Red),1,FALSE,Signs_Order_No Stopping (Blue/Red),Signs_Order_No Stopping,rule,
Signs,Order,"Permit Holders Parking (""P)",1,FALSE,"Signs_Order_Permit Holders Parking (""P)",Signs_Order_Permit Parking,rule,
Signs,Order,Priority Right of Way,2,FALSE,Signs_Order_Priority Right of Way,Signs_Order_Priority,rule,
Signs,Order,Weight Restriction,2,FALSE,Signs_Order_Weight Restriction,Signs_Order_Weight Restriction,rule,
Signs,Road Names,Avenue/Court/Crescent,2,FALSE,Signs_Road Names_Avenue/Court/Crescent,Signs_Road Names_Avenue/Court/Crescent,add_road,
Signs,Road Names,Close,2,FALSE,Signs_Road Names_Close,Signs_Road Names_Close,add_road,
Signs,Road Names,Lane,2,FALSE,Signs_Road Names_Lane,Signs_Road Names_Lane,add_road,
Signs,Road Names,Road,1,FALSE,Signs_Road Names_Road,Signs_Road Names_Road,add_road,
Signs,Road Names,Street,1,FALSE,Signs_Road Names_Street,Signs_Road Names_Street,add_road,
Signs,Road Names,Way,2,FALSE,Signs_Road Names_Way,Signs_Road Names_Way,add_road,
Signs,Road Work,Diverted Traffic,1,FALSE,Signs_Road Work_Diverted Traffic,Signs_Road Work_Diverted Traffic,construction,
Signs,Road Work,Men At Work,1,FALSE,Signs_Road Work_Men At Work,Signs_Road Work_Men At Work,construction,
Signs,Road Work,Sandbag,1,FALSE,Signs_Road Work_Sandbag,Signs_Road Work_Sandbag,construction,
Signs,Speed Limits,Speed 05/15,3,FALSE,Signs_Speed Limits_Speed 05/15,Signs_Speed Limits_Speed 5 or 15,speed,https://upload.wikimedia.org/wikipedia/commons/thumb/a/aa/Hungary_SpeedLimit_5.svg/960px-Hungary_SpeedLimit_5.svg.png?utm_source=commons.wikimedia.org&utm_campaign=imageinfo&utm_content=thumbnail
Signs,Speed Limits,Speed 10,2,FALSE,Signs_Speed Limits_Speed 10,Signs_Speed Limits_Speed 10,speed,https://upload.wikimedia.org/wikipedia/commons/thumb/7/7b/Mauritius_Road_Signs_-_Prohibitory_Sign_-_Speed_limit_10.svg/960px-Mauritius_Road_Signs_-_Prohibitory_Sign_-_Speed_limit_10.svg.png?utm_source=commons.wikimedia.org&utm_campaign=imageinfo&utm_content=thumbnail
Signs,Speed Limits,Speed 20,3,FALSE,Signs_Speed Limits_Speed 20,Signs_Speed Limits_Speed 20,speed,https://upload.wikimedia.org/wikipedia/commons/thumb/b/b3/Mauritius_Road_Signs_-_Prohibitory_Sign_-_Speed_limit_20.svg/960px-Mauritius_Road_Signs_-_Prohibitory_Sign_-_Speed_limit_20.svg.png?utm_source=commons.wikimedia.org&utm_campaign=imageinfo&utm_content=thumbnail
Signs,Speed Limits,Speed 30,1,FALSE,Signs_Speed Limits_Speed 30,Signs_Speed Limits_Speed 30,speed,https://upload.wikimedia.org/wikipedia/commons/thumb/2/21/Mauritius_Road_Signs_-_Prohibitory_Sign_-_Speed_limit_30.svg/960px-Mauritius_Road_Signs_-_Prohibitory_Sign_-_Speed_limit_30.svg.png?utm_source=commons.wikimedia.org&utm_campaign=imageinfo&utm_content=thumbnail
Signs,Speed Limits,Speed 40,1,FALSE,Signs_Speed Limits_Speed 40,Signs_Speed Limits_Speed 40,speed,https://upload.wikimedia.org/wikipedia/commons/thumb/f/ff/Mauritius_Road_Signs_-_Prohibitory_Sign_-_Speed_limit_40.svg/960px-Mauritius_Road_Signs_-_Prohibitory_Sign_-_Speed_limit_40.svg.png?utm_source=commons.wikimedia.org&utm_campaign=imageinfo&utm_content=thumbnail
Signs,Speed Limits,Speed 50,1,FALSE,Signs_Speed Limits_Speed 50,Signs_Speed Limits_Speed 50,speed,https://upload.wikimedia.org/wikipedia/commons/thumb/7/7b/Mauritius_Road_Signs_-_Prohibitory_Sign_-_Speed_limit_50.svg/960px-Mauritius_Road_Signs_-_Prohibitory_Sign_-_Speed_limit_50.svg.png?utm_source=commons.wikimedia.org&utm_campaign=imageinfo&utm_content=thumbnail
Signs,Speed Limits,Speed 60,3,FALSE,Signs_Speed Limits_Speed 60,Signs_Speed Limits_Speed 60,speed,https://upload.wikimedia.org/wikipedia/commons/thumb/2/29/Malaysia_road_sign_RP7-60.svg/960px-Malaysia_road_sign_RP7-60.svg.png?utm_source=commons.wikimedia.org&utm_campaign=imageinfo&utm_content=thumbnail
Signs,Speed Limits,Average Speed Check,2,FALSE,Signs_Speed Limits_Average Speed Check,Signs_Speed Limits_Average Speed Check,speed,
Signs,Warning,Aeroplane/Airport,1,FALSE,Signs_Warning_Aeroplane/Airport,Signs_Warning_Aeroplane or Airport,report,
Signs,Warning,Animal,2,FALSE,Signs_Warning_Animal,Signs_Warning_Animal,report,
Signs,Warning,Bend to Left/Right,1,FALSE,Signs_Warning_Bend to Left/Right,Signs_Warning_Bend to Left/Right,report,
Signs,Warning,Blank (triangle or circle),2,FALSE,Signs_Warning_Blank (triangle or circle),Signs_Warning_Blank,report,
Signs,Warning,Exclamation Mark (!),1,FALSE,Signs_Warning_Exclamation Mark (!),Signs_Warning_Exclamation Mark,report,
Signs,Warning,Horse-riding,2,FALSE,Signs_Warning_Horse-riding,Signs_Warning_Horse-riding,report,
Signs,Warning,Human Figure in it,1,FALSE,Signs_Warning_Human Figure in it,Signs_Warning_Human Figure,report,
Signs,Warning,Junction on Bend Ahead,1,FALSE,Signs_Warning_Junction on Bend Ahead,Signs_Warning_Junction on Bend Ahead,report,
Signs,Warning,Queues Likely,1,FALSE,Signs_Warning_Queues Likely,Signs_Warning_Queues Likely,report,
Signs,Warning,Reduce Speed Now,1,FALSE,Signs_Warning_Reduce Speed Now,Signs_Warning_Reduce Speed Now,report,
Signs,Warning,Roundabout,1,FALSE,Signs_Warning_Roundabout,Signs_Warning_Roundabout,report,
Signs,Warning,School,1,FALSE,Signs_Warning_School,Signs_Warning_School,report,
Signs,Warning,Slippery Road,1,FALSE,Signs_Warning_Slippery Road,Signs_Warning_Slippery Road,report,
Signs,Warning,Traffic Merging,1,FALSE,Signs_Warning_Traffic Merging,Signs_Warning_Traffic Merging,report,
Signs,Warning,"Uneven Road, Double Hump",1,FALSE,"Signs_Warning_Uneven Road, Double Hump","Signs_Warning_Uneven Road, Double Hump",report,
Signs,Warning,"Uneven Road, Single Hump",1,FALSE,"Signs_Warning_Uneven Road, Single Hump","Signs_Warning_Uneven Road, Single Hump",report,
Van,Delivery,DHL,1,FALSE,Van_Delivery_DHL,Van_Delivery_DHL,local_shipping,
Van,Delivery,DPD Blue (Local),2,FALSE,Van_Delivery_DPD Blue (Local),Van_Delivery_DPD Blue (Local),local_shipping,
Van,Delivery,DPD Red (National),1,FALSE,Van_Delivery_DPD Red (National),Van_Delivery_DPD Red (National),local_shipping,
Van,Delivery,Evri/Hermes,1,FALSE,Van_Delivery_Evri/Hermes,Van_Delivery_Evri/Hermes,local_shipping,
Van,Delivery,FedEx/UPS,3,FALSE,Van_Delivery_FedEx/UPS,Van_Delivery_FedEx/UPS,local_shipping,
Van,Delivery,Gist,1,FALSE,Van_Delivery_Gist,Van_Delivery_Gist,local_shipping,
Van,Delivery,Parcel Force,1,FALSE,Van_Delivery_Parcel Force,Van_Delivery_Parcel Force,local_shipping,
Van,Delivery,Royal Mail,1,FALSE,Van_Delivery_Royal Mail,Van_Delivery_Royal Mail,local_shipping,
Van,Delivery,Yodel,1,FALSE,Van_Delivery_Yodel,Van_Delivery_Yodel,local_shipping,
Van,External,‘Blind Spot Take Care’,2,FALSE,Van_External_‘Blind Spot Take Care’,"Van_External_""Blind Spot Take Care""",directions_car,
Van,External,Bodyless,2,FALSE,Van_External_Bodyless,Van_External_Bodyless,directions_car,
Van,External,Flammable Sign,1,FALSE,Van_External_Flammable Sign,Van_External_Flammable,directions_car,
Van,External,Poppy,1,FALSE,Van_External_Poppy,Van_External_Poppy,directions_car,
Van,External,Union Jack on truck,1,FALSE,Van_External_Union Jack on truck,Van_External_Union Jack,directions_car,
Van,Food,Hovis,1,FALSE,Van_Food_Hovis,Van_Food_Hovis,fork_spoon,
Van,Food,Kingsmill,1,FALSE,Van_Food_Kingsmill,Van_Food_Kingsmill,fork_spoon,
Van,Food,Warburtons,1,FALSE,Van_Food_Warburtons,Van_Food_Warburtons,fork_spoon,
Van,Food,Crisps/Biscuits,1,FALSE,Van_Food_Crisps/Biscuits,Van_Food_Crisps/Biscuits,fork_spoon,
Van,Food,Greggs,1,FALSE,Van_Food_Greggs,Van_Food_Greggs,fork_spoon,
Van,Food,Müller,1,FALSE,Van_Food_Müller,Van_Food_Müller,fork_spoon,
Van,Food,Samworth Brothers,1,FALSE,Van_Food_Samworth Brothers,Van_Food_Samworth Brothers,fork_spoon,
Van,Haulage & Logistics,RB (Reed Boardall),1,FALSE,Van_Haulage & Logistics_RB (Reed Boardall),Van_Haulage & Logistics_RB (Reed Boardall),local_shipping,
Van,Haulage & Logistics,A2B Online,1,FALSE,Van_Haulage & Logistics_A2B Online,Van_Haulage & Logistics_A2B Online,local_shipping,
Van,Haulage & Logistics,Best (Food Logistics),1,FALSE,Van_Haulage & Logistics_Best (Food Logistics),Van_Haulage & Logistics_Best,local_shipping,
Van,Haulage & Logistics,Boughey,1,FALSE,Van_Haulage & Logistics_Boughey,Van_Haulage & Logistics_Boughey,local_shipping,
Van,Haulage & Logistics,Brakes (Food Supplier),1,FALSE,Van_Haulage & Logistics_Brakes (Food Supplier),Van_Haulage & Logistics_Brakes,local_shipping,
Van,Haulage & Logistics,Culina: Culina,1,FALSE,Van_Haulage & Logistics_Culina: Culina,Van_Haulage & Logistics_Culina: Culina,local_shipping,
Van,Haulage & Logistics,Culina: Fowler Welch,1,FALSE,Van_Haulage & Logistics_Culina: Fowler Welch,Van_Haulage & Logistics_Culina: Fowler Welch,local_shipping,
Van,Haulage & Logistics,Culina: Great Bear,1,FALSE,Van_Haulage & Logistics_Culina: Great Bear,Van_Haulage & Logistics_Culina: Great Bear,local_shipping,
Van,Haulage & Logistics,Culina: Stobart,1,FALSE,Van_Haulage & Logistics_Culina: Stobart,Van_Haulage & Logistics_Culina: Stobart,local_shipping,
Van,Haulage & Logistics,Culina: Warrens,1,FALSE,Van_Haulage & Logistics_Culina: Warrens,Van_Haulage & Logistics_Culina: Warrens,local_shipping,
Van,Haulage & Logistics,DFDS,1,FALSE,Van_Haulage & Logistics_DFDS,Van_Haulage & Logistics_DFDS,local_shipping,
Van,Haulage & Logistics,Discordia,2,FALSE,Van_Haulage & Logistics_Discordia,Van_Haulage & Logistics_Discordia,local_shipping,
Van,Haulage & Logistics,Eddie Stobart (Original),1,FALSE,Van_Haulage & Logistics_Eddie Stobart (Original),Van_Haulage & Logistics_Eddie Stobart (Original),local_shipping,
Van,Haulage & Logistics,Ellerman/YANG MING,2,FALSE,Van_Haulage & Logistics_Ellerman/YANG MING,Van_Haulage & Logistics_Ellerman/YANG MING,local_shipping,
Van,Haulage & Logistics,Evergreen,2,FALSE,Van_Haulage & Logistics_Evergreen,Van_Haulage & Logistics_Evergreen,local_shipping,
Van,Haulage & Logistics,FreshLinc Haulage,1,FALSE,Van_Haulage & Logistics_FreshLinc Haulage,Van_Haulage & Logistics_FreshLinc Haulage,local_shipping,
Van,Haulage & Logistics,Gregory,1,FALSE,Van_Haulage & Logistics_Gregory,Van_Haulage & Logistics_Gregory,local_shipping,
Van,Haulage & Logistics,GXO Logistics,1,FALSE,Van_Haulage & Logistics_GXO Logistics,Van_Haulage & Logistics_GXO Logistics,local_shipping,
Van,Haulage & Logistics,H.Z. Logistics,1,FALSE,Van_Haulage & Logistics_H.Z. Logistics,Van_Haulage & Logistics_H.Z. Logistics,local_shipping,
Van,Haulage & Logistics,Hapag-Lloyd (Orange/Blue),1,FALSE,Van_Haulage & Logistics_Hapag-Lloyd (Orange/Blue),Van_Haulage & Logistics_Hapag-Lloyd (Orange/Blue),local_shipping,
Van,Haulage & Logistics,Hapag-Lloyd (White/Blue),1,FALSE,Van_Haulage & Logistics_Hapag-Lloyd (White/Blue),Van_Haulage & Logistics_Hapag-Lloyd (White/Blue),local_shipping,
Van,Haulage & Logistics,Lenham Storage,1,FALSE,Van_Haulage & Logistics_Lenham Storage,Van_Haulage & Logistics_Lenham Storage,local_shipping,
Van,Haulage & Logistics,MAERSK,1,FALSE,Van_Haulage & Logistics_MAERSK,Van_Haulage & Logistics_MAERSK,local_shipping,
Van,Haulage & Logistics,Maritime,1,FALSE,Van_Haulage & Logistics_Maritime,Van_Haulage & Logistics_Maritime,local_shipping,
Van,Haulage & Logistics,Moran Logistics,1,FALSE,Van_Haulage & Logistics_Moran Logistics,Van_Haulage & Logistics_Moran Logistics,local_shipping,
Van,Haulage & Logistics,MSC,1,FALSE,Van_Haulage & Logistics_MSC,Van_Haulage & Logistics_MSC,local_shipping,
Van,Haulage & Logistics,Nicholls Transport,1,FALSE,Van_Haulage & Logistics_Nicholls Transport,Van_Haulage & Logistics_Nicholls Transport,local_shipping,
Van,Haulage & Logistics,Owens,1,FALSE,Van_Haulage & Logistics_Owens,Van_Haulage & Logistics_Owens,local_shipping,
Van,Haulage & Logistics,Petrol Tanker,1,FALSE,Van_Haulage & Logistics_Petrol Tanker,Van_Haulage & Logistics_Petrol Tanker,local_shipping,
Van,Haulage & Logistics,PrimaFrio,1,FALSE,Van_Haulage & Logistics_PrimaFrio,Van_Haulage & Logistics_PrimaFrio,local_shipping,
Van,Haulage & Logistics,Reynolds,1,FALSE,Van_Haulage & Logistics_Reynolds,Van_Haulage & Logistics_Reynolds,local_shipping,
Van,Haulage & Logistics,ROMAC,1,FALSE,Van_Haulage & Logistics_ROMAC,Van_Haulage & Logistics_ROMAC,local_shipping,
Van,Haulage & Logistics,SITRA,1,FALSE,Van_Haulage & Logistics_SITRA,Van_Haulage & Logistics_SITRA,local_shipping,
Van,Haulage & Logistics,Turners Transport,1,FALSE,Van_Haulage & Logistics_Turners Transport,Van_Haulage & Logistics_Turners Transport,local_shipping,
Van,Haulage & Logistics,Waberer’s,1,FALSE,Van_Haulage & Logistics_Waberer’s,Van_Haulage & Logistics_Waberer’s,local_shipping,
Van,Haulage & Logistics,Weaver,1,FALSE,Van_Haulage & Logistics_Weaver,Van_Haulage & Logistics_Weaver,local_shipping,
Van,Haulage & Logistics,Whistl,1,FALSE,Van_Haulage & Logistics_Whistl,Van_Haulage & Logistics_Whistl,local_shipping,
Van,Haulage & Logistics,XPO Logistics,1,FALSE,Van_Haulage & Logistics_XPO Logistics,Van_Haulage & Logistics_XPO Logistics,local_shipping,
Van,Infrastructure,Heidelberg Materials,3,FALSE,Van_Infrastructure_Heidelberg Materials,Van_Infrastructure_Heidelberg Materials,delivery_truck_bolt,
Van,Infrastructure,Power (Electric/Gas),1,FALSE,Van_Infrastructure_Power (Electric/Gas),Van_Infrastructure_Electric or Gas,delivery_truck_bolt,
Van,Infrastructure,Water Company,1,FALSE,Van_Infrastructure_Water Company,Van_Infrastructure_Water,delivery_truck_bolt,
Van,Model,DAF,1,FALSE,Van_Model_DAF,Van_Model_DAF,badge,
Van,Model,IVECO,1,FALSE,Van_Model_IVECO,Van_Model_IVECO,badge,
Van,Model,KRONE,1,FALSE,Van_Model_KRONE,Van_Model_KRONE,badge,
Van,Model,LAWRENCE DAVID,1,FALSE,Van_Model_LAWRENCE DAVID,Van_Model_LAWRENCE DAVID,badge,
Van,Model,MAN,1,FALSE,Van_Model_MAN,Van_Model_MAN,badge,
Van,Model,MERCEDES-BENZ,1,FALSE,Van_Model_MERCEDES-BENZ,Van_Model_MERCEDES-BENZ,badge,
Van,Model,SCANIA,1,FALSE,Van_Model_SCANIA,Van_Model_SCANIA,badge,
Van,Model,SCHMITZ,1,FALSE,Van_Model_SCHMITZ,Van_Model_SCHMITZ,badge,
Van,Model,VOLVO,1,FALSE,Van_Model_VOLVO,Van_Model_VOLVO,badge,
Van,Recovery,AA,1,FALSE,Van_Recovery_AA,Van_Recovery_AA,auto_towing,
Van,Recovery,RAC,1,FALSE,Van_Recovery_RAC,Van_Recovery_RAC,auto_towing,
Van,Retail,Amazon Prime,1,FALSE,Van_Retail_Amazon Prime,Van_Retail_Amazon Prime,shopping_bag,
Van,Retail,Argos,2,FALSE,Van_Retail_Argos,Van_Retail_Argos,shopping_bag,
Van,Retail,Arla,2,FALSE,Van_Retail_Arla,Van_Retail_Arla,shopping_bag,
Van,Retail,B&M,1,FALSE,Van_Retail_B&M,Van_Retail_B&M,shopping_bag,
Van,Retail,B&Q,1,FALSE,Van_Retail_B&Q,Van_Retail_B&Q,shopping_bag,
Van,Retail,COSTCO,2,FALSE,Van_Retail_COSTCO,Van_Retail_COSTCO,shopping_bag,
Van,Retail,Downton/Heygates,3,FALSE,Van_Retail_Downton/Heygates,Van_Retail_Downton/Heygates,shopping_bag,
Van,Retail,Enterprise,1,FALSE,Van_Retail_Enterprise,Van_Retail_Enterprise,shopping_bag,
Van,Retail,Fast Food Truck,1,FALSE,Van_Retail_Fast Food Truck,Van_Retail_Fast Food Truck,shopping_bag,
Van,Retail,Home Bargains,1,FALSE,Van_Retail_Home Bargains,Van_Retail_Home Bargains,shopping_bag,
Van,Retail,John Lewis,1,FALSE,Van_Retail_John Lewis,Van_Retail_John Lewis,shopping_bag,
Van,Retail,Menzies,1,FALSE,Van_Retail_Menzies,Van_Retail_Menzies,shopping_bag,
Van,Retail,Next,1,FALSE,Van_Retail_Next,Van_Retail_Next,shopping_bag,
Van,Retail,Oakland,3,FALSE,Van_Retail_Oakland,Van_Retail_Oakland,shopping_bag,
Van,Retail,Poundland,1,FALSE,Van_Retail_Poundland,Van_Retail_Poundland,shopping_bag,
Van,Retail,TK Maxx,1,FALSE,Van_Retail_TK Maxx,Van_Retail_TK Maxx,shopping_bag,
Van,Supermarket,Aldi,1,FALSE,Van_Supermarket_Aldi,Van_Supermarket_Aldi,shopping_cart,
Van,Supermarket,ASDA,1,FALSE,Van_Supermarket_ASDA,Van_Supermarket_ASDA,shopping_cart,
Van,Supermarket,Co-Op,2,FALSE,Van_Supermarket_Co-Op,Van_Supermarket_Co-Op,shopping_cart,
Van,Supermarket,Iceland,1,FALSE,Van_Supermarket_Iceland,Van_Supermarket_Iceland,shopping_cart,
Van,Supermarket,Lidl,1,FALSE,Van_Supermarket_Lidl,Van_Supermarket_Lidl,shopping_cart,
Van,Supermarket,Marks & Spencer,1,FALSE,Van_Supermarket_Marks & Spencer,Van_Supermarket_Marks & Spencer,shopping_cart,
Van,Supermarket,Morrisons,1,FALSE,Van_Supermarket_Morrisons,Van_Supermarket_Morrisons,shopping_cart,
Van,Supermarket,Ocado,1,FALSE,Van_Supermarket_Ocado,Van_Supermarket_Ocado,shopping_cart,
Van,Supermarket,Sainsbury’s,1,FALSE,Van_Supermarket_Sainsbury’s,Van_Supermarket_Sainsbury’s,shopping_cart,
Van,Supermarket,TESCO,1,FALSE,Van_Supermarket_TESCO,Van_Supermarket_TESCO,shopping_cart,
Van,Supermarket,Waitrose,1,FALSE,Van_Supermarket_Waitrose,Van_Supermarket_Waitrose,shopping_cart,
Vehicle - Other,Bus & Coaches,Double Decker Bus,1,FALSE,Vehicle - Other_Bus & Coaches_Double Decker Bus,Vehicle - Other_Bus & Coaches_Double Decker Bus,airport_shuttle,
Vehicle - Other,Bus & Coaches,Single Decker Bus,1,FALSE,Vehicle - Other_Bus & Coaches_Single Decker Bus,Vehicle - Other_Bus & Coaches_Single Decker Bus,airport_shuttle,
Vehicle - Other,Bus & Coaches,Coach (Flixbus),2,FALSE,Vehicle - Other_Bus & Coaches_Coach (Flixbus),Vehicle - Other_Bus & Coaches_Coach (Flixbus),airport_shuttle,
Vehicle - Other,Bus & Coaches,Coach (National Express),1,FALSE,Vehicle - Other_Bus & Coaches_Coach (National Express),Vehicle - Other_Bus & Coaches_Coach (National Express),airport_shuttle,
Vehicle - Other,Bus & Coaches,Coach (Other),1,FALSE,Vehicle - Other_Bus & Coaches_Coach (Other),Vehicle - Other_Bus & Coaches_Coach (Other),airport_shuttle,
Vehicle - Other,Car Transporters,Empty,1,FALSE,Vehicle - Other_Car Transporters_Empty,Vehicle - Other_Car Transporters_Empty,traffic_jam,
Vehicle - Other,Car Transporters,Full,1,FALSE,Vehicle - Other_Car Transporters_Full,Vehicle - Other_Car Transporters_Full,traffic_jam,
Vehicle - Other,Car Transporters,Single,1,FALSE,Vehicle - Other_Car Transporters_Single,Vehicle - Other_Car Transporters_Single,traffic_jam,
Vehicle - Other,Cyclists,Electric Bike/Scooter,2,FALSE,Vehicle - Other_Cyclists_Electric Bike/Scooter,Vehicle - Other_Cyclists_Electric Bike/Scooter,pedal_bike,
Vehicle - Other,Cyclists,Cyclist with a helmet,1,FALSE,Vehicle - Other_Cyclists_Cyclist with a helmet,Vehicle - Other_Cyclists_Cyclist helmet,pedal_bike,
Vehicle - Other,Cyclists,Cyclist without a helmet,1,FALSE,Vehicle - Other_Cyclists_Cyclist without a helmet,Vehicle - Other_Cyclists_Cyclist no helmet,pedal_bike,
Vehicle - Other,Emergency Vehicles,Ambulance,1,FALSE,Vehicle - Other_Emergency Vehicles_Ambulance,Vehicle - Other_Emergency Vehicles_Ambulance,emergency,
Vehicle - Other,Emergency Vehicles,Fire Engine,3,FALSE,Vehicle - Other_Emergency Vehicles_Fire Engine,Vehicle - Other_Emergency Vehicles_Fire Engine,emergency,
Vehicle - Other,Emergency Vehicles,Highway Maintenance,2,FALSE,Vehicle - Other_Emergency Vehicles_Highway Maintenance,Vehicle - Other_Emergency Vehicles_Highway Maintenance,emergency,
Vehicle - Other,Emergency Vehicles,Police Car,2,FALSE,Vehicle - Other_Emergency Vehicles_Police Car,Vehicle - Other_Emergency Vehicles_Police Car,emergency,
Vehicle - Other,Emergency Vehicles,Traffic Patrol,2,FALSE,Vehicle - Other_Emergency Vehicles_Traffic Patrol,Vehicle - Other_Emergency Vehicles_Traffic Patrol,emergency,
Vehicle - Other,Flying Vehicles,Commercial Aeroplane,2,FALSE,Vehicle - Other_Flying Vehicles_Commercial Aeroplane,Vehicle - Other_Flying Vehicles_Commercial Aeroplane,flight,
Vehicle - Other,Flying Vehicles,Other Non-Commercial,3,FALSE,Vehicle - Other_Flying Vehicles_Other Non-Commercial,Vehicle - Other_Flying Vehicles_Other Non-Commercial,flight,
Vehicle - Other,Misc,Broken down vehicle,1,FALSE,Vehicle - Other_Misc_Broken down vehicle,Vehicle - Other_Misc_Broken down,commute,
Vehicle - Other,Misc,Taxi (regular),1,FALSE,Vehicle - Other_Misc_Taxi (regular),Vehicle - Other_Misc_Taxi (regular),commute,
Vehicle - Other,Misc,Taxi (sign on top),1,FALSE,Vehicle - Other_Misc_Taxi (sign on top),Vehicle - Other_Misc_Taxi (sign on top),commute,
Vehicle - Other,Misc,Construction Vehicle,1,FALSE,Vehicle - Other_Misc_Construction Vehicle,Vehicle - Other_Misc_Construction Vehicle,commute,
Vehicle - Other,Misc,Motorhome,1,FALSE,Vehicle - Other_Misc_Motorhome,Vehicle - Other_Misc_Motorhome,commute,
Vehicle - Other,Misc,Horse Box/Transporter,1,FALSE,Vehicle - Other_Misc_Horse Box/Transporter,Vehicle - Other_Misc_Horse Box,commute,
Vehicle - Other,Misc,Farm vehicle,1,FALSE,Vehicle - Other_Misc_Farm vehicle,Vehicle - Other_Misc_Farm vehicle,commute,
Vehicle - Other,Misc,Caravan,1,FALSE,Vehicle - Other_Misc_Caravan,Vehicle - Other_Misc_Caravan,commute,
Vehicle - Other,Misc,Pram,2,FALSE,Vehicle - Other_Misc_Pram,Vehicle - Other_Misc_Pram,commute,
Vehicle - Other,Misc,Train,3,FALSE,Vehicle - Other_Misc_Train,Vehicle - Other_Misc_Train,commute,
Vehicle - Other,Misc,Train Track,2,FALSE,Vehicle - Other_Misc_Train Track,Vehicle - Other_Misc_Train Track,commute,
Vehicle - Other,Misc,Boat/Canoe/Kayak,2,FALSE,Vehicle - Other_Misc_Boat/Canoe/Kayak,Vehicle - Other_Misc_Boat,commute,https://upload.wikimedia.org/wikipedia/commons/thumb/e/e0/Fishing_boat_N%C3%B8rre_Vorup%C3%B8r_2012-11-18_cropped.jpg/960px-Fishing_boat_N%C3%B8rre_Vorup%C3%B8r_2012-11-18_cropped.jpg?utm_source=commons.wikimedia.org&utm_campaign=imageinfo&utm_content=thumbnail
